﻿<?xml version="1.0" encoding="utf-8"?><bwFonts xmlns:xsi="http://www.w3.org/2001/XMLSchema-instance" xmlns:xsd="http://www.w3.org/2001/XMLSchema"><font id="00" name="ArticulateBold Charset1"><glyphs><g i="0" p="%^cQ$vIL$vyI1ivI1ioF$vTA$vfwxeWzxeaDusdDuscGxeYKxe1Ous4OusmRxeLUxe" /><g i="1" p="#^TGhpTGzoHGSnvG9n5GDmIF5m4FLltEplDDplQCplcCKlBB3mbBCmOA8nBAQnoAwooAepoAgraBusZBHtDDHttEHt5FmtJF0t6GrsvGRrHG2rTGeqTGhp^nKCpnKbrRJrskJHtpIyuvHovgGRv2FiwEDiw8CiwUAQvEzlvLytuTxBtnxnsUw8rUwEpUw1opxNmWxwlQyEkLzMjZAijcCPiDDPi0FPifGhjvHKjpIBkkJslRJKmnK0onKCp" /><g i="2" p="#^nG$v%nGeu%kGeuDF5vzEIvwDiw4CiwYAiw7AWvizyvMyTufybu_xftJxjsJxbr%Jx6j%4B6j%4BZp4BHq7BnraB2soBzsDB3t3CntvCHtfDHt2EHtCEltaF_swFosTFOr1G$qcGbqcGjp%cG6j%yJ6j%yJ$v" /><g i="3" p="%^Ox$vOxed8Bed8B$v" /><g i="4" p="#^cGtpcGVo2GdoVFwnyFUmcFgmCERl0Epl8DplkCplOBQlgBemYASmEAtnwAbooAVooAxpoAhqxA1rHAMr1BmsnBXsVBjtsCHtdDHtZDHtwEmt4F0tsFrsQFSr0G6rcGlqcGtp^iG$v%iGyu%fGyuwFtvvEUvvDiwgCiwTAiwRzMvPyev9yjuwxntcx9sUwWqUwupUw9oaxYmtxKl6yQkMyVjOzmjQAPiiCPiJDPiCEkjwFQjaGFk%cGFk%cGed%yJed%yJ$v" /><g i="5" p="" /><g i="6" p="#^sERw5EOxIDEykDvzMC8AcCOAnBaBzAyBnzyBOyyBayrByxlB3xcB%ixJyUxXy2zXyEzXy2AJytAwyJAayZARx4BqxcB0xcBEw%gw6j%Zz6j%4Dws%7Dws%dG6j%DJ6j" /><g i="7" p="%^Ox$vOx6j8B6j8B$v^OxLgOxzd8Bzd8BLg" /><g i="8" p="%^vF$vcBKp8BKp8B$vOx$vOxed8Bed8BgocBgocF6j9J6jlESoLJ$v" /><g i="9" p="#^OFhoIFVm1F5mnEgl5DglGBglXA6mdAXm5Aho%OFho^5ABqaAtrvA4sQAHskB4tQBttsCFt4DRtLDRtYERt0Gtt5H5t2Iys%2Igv$GTvRF4wIEiwADiwnCiwbBZv$zEv1zTu3y5utxPsUwwrUwBpUweofx0nDxNlmyRk5zVjdAmjlBPiTCPiyEPiIFljTGSjCHSklIRlGIin$IKo$IBq" /><g i="10" p="#^nF$vTE8wdEdwADiwWCiwYAiwTzcvPy5uPy3s%Pyzl%lwzl%lw6j%Py6j%Pyxg%aCsf%aC6j%8F6j%8Fzl%aCzl%aCBraCHsACbt$CHtODHt7EHtwEDtWEytgFmt%nF$v" /><g i="11" p="#^nFgmYE6mCE3mgE0mRD0mqC0mNBen8Bro8BEq%8B$v%Ox$v%Ox6j%MA6j%MA1m%QA1mUAulcBVkwBkk_BTjsCpj2D6jFDPilEPi2FPinFVi%nFgm" /><g i="12" p="#^dG3sdG6tOFVtoFHuGEevYDMvXC1wWBiwJAiwJziwIy6wHxXv0xKv%dx_s2yntPyCtBzRtwARtoBRt2CstJC3tJCgsJCErhCjrRB_qcBMqzAxqOzlq2z8qpyLpMxlpkxGoUw_nUwPmUwMljx$kLxeksyLjazgj4A2j$APiYBPiUCPiPDYiLE4jBFhj%nFPlyEwlTDolcDgloCgllBglSAHloA5moAHmoAbnQAungBMnVB_nyCbojDqo4EFoIE5plFwpNFdqdGWqdG3s" /><g i="13" p="#^eN$v%eN3oeNBnaN7n6NEmWMgmKMUllMFlYLplkLplBKpl6KLlDJ5mkJHm2JgnWI2oOIPoOIHp%OI$v%sF$v%sF5osFznoF5nkFCm7FemWESlxEEl8EplwDplLCplfCOlMBbmuBOmdBon6B8o0BUo0BCp%0B$v%Gx$v%Gx6j%OA6j%OAVk%RAVk4BxkrB9kOBNjhCujMCbjmD$iZDPiJEPiyFPi9G$iNGbjdHwjGHQjZHekhIEktI4lYI8k_Juj1LPiuMPieNPiZN$iIObjhPKjTPhkdQflAQdmAQMn%AQ$v" /><g i="14" p="%^$N$v2K$vfH9mcH9msE$vDA$vgw6jPz6jGCEsJCEskF6jdJ6j1MEs4MEsLO6jYR6j" /><g i="15" p="#^cG$v%cG1pcGro8GOn5G9nUFDmIF5mfFLlOEpl0Epl8DplACQl0CemGBSmlBuncBeo4BZo4BCp%4B$v%Jx$v%Jxed%4Bed%4BSk%7BSkEB3kGCrjJDPi8FPiiGPi7HcjZHAjvIgk2JXkiJTlyJPmyJUn%yJ$v" /><g i="16" p="#^dF_fRELfwEEfcExfODxf7DxfIC0giCugiCxh%iC6j%dF6j%dFzl%iCzl%iC$v%Xy$v%Xyzl%twzl%tw6j%Xy6j%XymhXyegfzpfzzze7A1eHAudrBddcCXc5DXcIDXclE0d$E4dvFcd" /><g i="17" p="#^nA$v%nAus%TDus%TD$v^VHIiVHsjEH6knHMkZGklAGUl4GqmBFXm8FtnyE8o5EToEDCpEDpq%EDUq%zAUqzAtp1BfowB1nICSlwD1lTDpkfENjfE8jfEui_D1iJDAhiDkhUC3hoCYgUBQgoBQglAQglz8hlyrhwxQh%fx3fbyNetzweMAeecCeepDeesExevFPegGnf1HXftHNgVHChVHIi" /><g i="18" p="%^9G5p9G$vEC$vEC5pgwxenAxevESlIIxepMxe" /><g i="19" p="#^BGTvQF7wZEcw7EiwfDiwLBiwzAQvozlvzysuLxztjxjsUw2rUwtpUw1ojxQmLxClxyJkjzQjtAkjDBPi5DPiiEPi6FYiWF4jnGej%4GUlEFHl6FylAEplQDplYCpljCKlGB3mfBDmQAbnCAXnoAHooAwpoAlqBA6rOASrdBrsEB0tiCmtYCHtTDHtsEHt9FxtTFmtsG5t%BGTv" /><g i="20" p="#^TGwpTGHoIGXnyGbnbGDmRF3mjFKlOEpl5EplnDplPCLlfC5mSBGmtBengB_n4BJo4Bwp4B9qdBVqnBErIBgs2CUsDCitcDHt4EHtUEHtqFitZFUshGgsBGErKGVqTG9qTGwp^nKupnKMsXIxuvHiwYEiwcEiwEDaw4D2wECPvcCzvQBfvtBWu7Bwu%4Bwu%4BfB%JxfB%Jx6j%WA6j%WAXk%ZAXkIBMjJCijLDPiZEPilGPimHijnINj2JGkJJzl2KOmnK0onKup" /><g i="21" p="#^cGupcGKo0G0oQFhnrFIm2F6muEMlWDplaDplqCplTBNllB8m0BJmHAhnxA1ooAMooAwpoAbqxAXqGAGr$AhskBUsSBitoCHtdDHt4EHtEEhtdFSszFesWFBr3GTqcG8qcGup^cGfB%cGwu%9GwuvFjvEEPvODiwqCiwYAiwVzMvTyevbykuwxqtcxasUwWqUwupUw1odxPmyxAldyIkUyPjWzjjYAPinCPi0FPiiGXk%lGXk%lG6j%yJ6j%yJfB" /><g i="22" p="#^cG$v%cG_ocGdo7Gzn2GUmOFqmyFXl6FGlGEplZDpl4DplwCRlYBhmEBXmkBBncBko4B3p4BEp%4B$v%Jx$v%Jx6j%UA6j%UASk%YASkdBskBB5kZBKjtCsjZC9jCD_igEPi7FPipHPitIdkyJClyJZn%yJ$v" /><g i="23" p="#^TGwpTGVoLGcoDGunkGSm1GemuFQlYEpl7EplfDplGCRl5CgmKBUmnBwndBdo4BVo4Btp4BmqgB8rtBWrRBusdC2tNCntlDHt4EHtMEHtiFmtQF0taGssxGUrIG7rTGmqTGwp^nKupnKPsVIzusHiw2FiwODiwNCTvMBrv0Bqu%ZAqu%ZA$v%Jx$v%Jxed%4Bed%4BMk%7BMkoBokKB2k5CHjyCqj0D8jCD_idEPiZEPinGPioHjjpIPj3JJkJJCl2KRmnK3onKup" /><g i="24" p="#^cGmpcGxo0GPnRF5nvFzmaF1mDEJl5EploDplUBpl8BymoAHnoArpoAbqAAUqMABr7B9svBJs0C2tyCntfDntDEntpFlscGjrcGmp^yJMuyJawcJpxTIEy4IzziHvA$F0BIEyBLCyBtByBoAjBjz5BiyGA%zyPxWy0yozcyTzoynAzyUALypBRyWBXylCXy$CXyLDMywEBy5F0yIFqxYFvwcGBvcGXt%9GXtAFWutEtvnD$v8C$vJA$vKztvLyXu6y3utxatax_rUwNqUwtpUwjocx7nwxXlay_kRy0kTzqjWAPinCPicDPiQD_isE9jVEsjnFKjIF6k2GukiGSk%lGSk%lG6j%yJ6j%yJMu" /><g i="25" p="%^Jx$vJxusdBusdB$v" /><g i="26" p="%^0y$v0yxekIxekIhhwBhhwBAlLHAlLHlowBlowBetnIetnI$v" /><g i="27" p="#^LD1qaC1q7Byq5A2r5Ads5AWsAAot4BRtcCRtMCRtiDFtRDttgE2tMEys0FSrgFargF1q^AF$vwFBvuF9vsFJuqF3u%nF3ucFruQEQutEdvXDyvpDTvMC4w8CiwsBiwyAiwJz1wUyMvgyhvExOugx4uUwmtUwtsUw3rtxcq2ylpZySoUzmo3BcofC1opD1o%gF1ogFumyETlQDglqCglyBglxAzlwzRloyFm%iyNjbzojlA6jvBPiRCPiLFPi1H6kkIolkI9okIbpkIUpkIzqkI5rlICrmI2snItsnIXspIDtqIhusIWuxI$v" /><g i="28" p="%^Jx$vJxusdBusdB$v^JxCmJx6jdB6jdBCm" /></glyphs></font><font id="10" name="Articulate Charset1"><glyphs><g i="0" p="%^BFHoBF$v5D$v5DHogwxebzxeoEmmtJxepMxe" /><g i="1" p="#^fGoofGKn3G6nTFtmtFZl4FsluE8lUDQk4DQk2CQkoBglLAHlnAhm$zSmQztnGz3oEzoo%fGoo^Ez8qEz5rZzTrjAEsUActtBMteC4u$CouTDoutEou2FguEF8uaGXtIGKt6HxtxHjtNH6t%NHrv1HOv2G2w4FiwJDiwdCiw$ATvOzrvWyBu3yKtBxrs8x8r8xpp8xXnAxKm0yxlPyIkDzSjJApjQBXiaDXiJEXiNFujRG0kvH_kaIXlsIgnLIBoLI8q" /><g i="2" p="#^TEjsTEmtuE6u5ESutDmvRCRv1C3wdBiwnAiwqziwCy9wOx0wWwBv%2xutzxPtny6ubzou$zou0BouHBXtnCttnCBsnCeseCZr5CHrOBrrvBar$AUqvACqMzgqfz0qJyJpbyppNx0pnxCo6x4oRwxnRwPmRw0l2y_jfzXisBXi5CXiRC5jBDejgErj%4EulODklsDdl7D6lMC1lqCXk6CUkOBQkABQkDAQk_zellzEllzmmlz9nXzDnyA5oGBBosCXo1DipDDEp1E3qsEuqFE2rTEBrTEjs" /><g i="3" p="%^FI$vLAEhHAEhHA$vby$vbyxeBBxeiJBslJBslJxeSLxeSL$v" /><g i="4" p="#^DHBpDHHolHQn4HZmAGjm4GElkFelAEQkEDQkICQkYBeldBElIAjmbAZmVzQnEzHoEzBpEzrqTzjr7AasCASs5BytRBZtBCouEDouGEouqFZtaGytFGSs9HasoHkrDHtqDHBp^7KCp7K0rEJesaJrtjIlusHevgGMv4FiwEDiwaCiw_AMvOzdvWyiu3yntBx9s8xXq8xzp8x9oBxYm3yKlVyRkMzYjZAsjaCXiEDXi7FXikGsjxHYjmIRkcJKlFJZm7Kbo7KCp" /><g i="5" p="#^uLdnuL9mbLZkVKMjdKMiyJMhrI6hlHrgJFrgfErgaD0h5CAhnByiGAwjjAKkZzXlZzdnZztohAIpBAXqhBWrZBUs3DvtaE5uJF5ukH5uqIttxJRscKSrTKSqaLEpuLpouLdn^7Ogn7OmpwN2rWMJsPLUtIK2v8JGvBHiwIFiwUDiwmCIvQA5vHzYtzyOsXx6rjxppjxenjxjlTxGjry0ixzPgDACfaCWeJDeeJFeeFHeedJVeNKzfSLLgYMXhxNCj7Ogl7Ogn" /><g i="6" p="%^DI$vRArnRA$vly$vlyxeRAxeRAdmiIxeDLxepDNmhM$v" /><g i="7" p="#^vKGv$JTvsJ$vWI7woIbwTHfwoHgwVGiwxGiwqEiwJCEv0B_uPzOtDyBsZxVqjxdpjx8njx9l$xxjHyUhVzJg8BxfQCUewEeeyGeeyHeexIpexJzetK_e%hKphpJVgwIGgDHrgGGrg8FrgVDZgGCuhOBpiWAjjrAykZzNlZzenZzNouA2q$AjrTBdsMC6tZDCtaF5uyG5u1H5uyH1u4IZtAISt5JKtyJBt$JrtlKet%vKGv" /><g i="8" p="#^WG$v%WGopWGPnGGVmqG_lZFxlBF9l5F$kBEQkcEQkaDQkrCelJBEleBmmMA3nyA1olA_olA6q%lA$v%$x$v%$xej%gAej%gAgl%jAglOAhkVBCj0DXisEXiYGXi6ImkhJMlhJoo%hJ$v" /><g i="9" p="#^WGKpWGNoHGVntG0n$FlmyFFlREfl8EQkdDQkkCQkFBgl$AIlyAom5A3nSzVnEzKoEzzpEzwqUzlr8AasCANs4BntKBKtoC5ucD5u$D5uGEMtlFqtRFRslGgsDGtrWGFqWGKp^hJwvhJixKIsycIDzhHjAnG$AaFgBZDyBGCyBlByBgAiBbz2B7yGA%nyvy$yMyxzZy3AbzBAlz7BvzHBzzfCEzWCEzODEzxEmzgF5zOFyykG$xDGaxWGlwWGdv%WG0u%TG0udGUu6Fsv0E$vDC$v7B$v4Aqv2zRunyXtJx0tqxVr8xNq8xHp8xCosxqnMxemsyel8zekeABjkBXiTCXivDXi5E2jIE8jfFojOFEjfG3kIGuk2H8l%5H8l%5Hej%hJej%hJwv" /><g i="10" p="#^7FclRE4ltE1l5E_kQD_kTC_kcCslyBVl7BFmJAonxAjolAeplA9q%lA$v%$x$v%$xej%bAej%bAcl%fAclrANkNAnk7BYjyBEjZBkjuC8j0DXiBDXiYDXikE_iJE0j7F6j%7Fcl" /><g i="11" p="#^AFVpdFVpNEUplESpZDSp4DSphC$pvB8qVArqjAKqZzcrEzGrEzisEzKsRz7t2AvtmAOtHA5u6BfuyBou0Cou4DouMD3usEJtREdtfFJspF9sAFBrAF8r^QF$v%QFlu%MFluwFHu9F2vOEoviEGvODXvaD6wyCiwOBiwWAiw5A6wgzWvBytvXx0vxxfu8xut8xls8x5rKxhqlytpez_o8AuobBiofC6o7D6o8E6oGE7ocF8oAF9oyFBntF$moFpm4FWlMErl8E8lwDQkqCQk8BQkaAgldzIlJy8m%By8kWyYjkzLjLzxjgAljOA9jrB2j5CXiUCXilEXijFkjhGIjRGpkqH6lGH5mWH3nWHeo%WHetWHHtWHquWH8v1I$v" /><g i="12" p="#^ZEXvDE3w3EawvDiwWCiw7CiwqB6wJAWvbAuvGz2vmzku2zCt2zys%2z8l%aw8l%awej%2zej%2zhg%oBxf%oBej%MEej%ME8l%oB8l%oB3soBusuBVsBBjtRBFt5C_ttCbuRCoupDoufEouZEXt%ZEXv" /><g i="13" p="#^$G$v%$GZt%YGZtLGounGPu$FdvtFzvYEUvgE5wADiwMCiwlAiwazTu$xrt$xPq%$xej%lAej%lAHplAxqoAarrAOrzAhsHAMsUA7t5BttnBKtIB3uaCeuECou8DouYEouXF0tWGErWG8p%WGej%hJej%hJ$v" /><g i="14" p="%^iy$viyedEAedEA$v" /><g i="15" p="%^iy$viyejEAejEA$v^8yng8yKdOAKdOAng" /><g i="16" p="%^Lyjzvwjz3ybtTAbt" /><g i="17" p="" /><g i="18" p="#^$CnxJC8ylCUyZBEzrBeAWAQAdAbBwzyByyyB7yyBGxvBdxsBUwlB%2xrzlxzzCxBzTxEz8yEzEyEz1zrzrzfzMzWy5ABykA9yzAJxLAgxQA3xUARwYADwYAtwYAiwQA2wJAOvGACv%awej%Lyej%aCOt%dCOt%JFej%5Iej" /><g i="19" p="#^DHxpDHlnHG5mMFQk7EQk5DQknChlGBKldBqmMA6nyAZnlAPolACplArqzAirOA8sfBQsIBvtpCYt7Dou5EouTEouwF1uaGGtDG0t5HmsmHurDHBqDHxp^7Kop7KNqNJ2ssJitMIfu5Ibv3HLv1GiwDEiw$Ciw_BKvZAavoAeu%lAeu%lAfB%$xfB%$xej%fAej%fA1l%iA1lRAckYBAj4DXiAEXiYFXi$Gsj2IYjKIQkqJIlMJUm7K3o7Kop" /><g i="20" p="#^WGCpWGKoHGTntG0n_FlmwFFlOEfl5EQk7DQkqBQkxA9mEztnEzzpEzrqRzjr3AaswASsZAytDBZtiCoucDouaEouTEXtBFut2GOsvG6sIGgrWGpqWGCp^1H$v%1Hbu%ZGbuLGzulGXuYFjvoFDvREWv8E6wsDiwDCiwaBiw7AIv5z6vqy8uMxatsxXr8xHq8xop8x3ouxUmRxIlxyQkdzYjfAsjiBXiGCXilEXilFxjlG6kTG_k%WG_k%WGed%hJed%hJ$v" /><g i="21" p="%^3y$v3ybtTAbtTA$v" /><g i="22" p="#^pGMvLF3wZEawcEiwsDiw2CiwSANvGzgvOynuWxttqxfsXw0rXwCpXweonx0nPxNlFyUkvz_jJAtjYBXivDXi8EXiUE4jEFcjiGrj%5GolLEQkADQkDCQkSBdl5BClyAgm0AVmJzNnrzEorzBprzlqFzcrTz2snAMsTAttGBXttCouFDousEou1FbuDF_tdGHt%pGMv" /><g i="23" p="%^dy$vdyxeJAxeJA$v" /><g i="24" p="#^JG5rJGrpAFKosE1okC1o%zA1o%zAXt%yCXtpDXtaEPtYEHtwFnt4G2toGvsJGXrJG5r^qG8jqGsiaGZhWFuhtFbh0FUgqEKgQDAg8DAg%zAAg%zA_l%YB_lWC_lLDVlAEPlaFwlMFcl5GEkqG4kqG8j^nJirnJqs0JitFIauRHMu2HmvLFHvtE$vDC$v%3y$v%3yxe%LCxeoExezFQeLG7fvHIffIhgAI5hWIVhWIYiWINkWHKlWGHmkF5n%kF8ncHjnhIqonJxpnJir" /><g i="25" p="%^ZEUgvBxpsIxp^1L$vfJBrHABrWy$viw$vLDxenGxeLN$v" /></glyphs></font><font id="20" name="Articulate"><glyphs><g i="0" p="#^tGjjtGYhuFlhvEKgRCKg%zAKg%zA1m%OC1mAD1mfESlWEHlpFllVF_kbGuktG_jtGjj^GH$v%ZEUpyEZo$DCosDeotCeo%zAeo%zA$v%3y$v%3yxe%oCxeODxe0FIefGTe9Hpf4IXfBISg7JNh7Jhj7J9kPIRkvIwl$H$lvHumRGOmcG6nwFen%wFhnaGwnyGZnWGpocH_o%xK$v" /><g i="1" p="#^fGoofGKn3G6nTFtmtFZl4FsluE8lUDQk4DQk2CQkoBglLAHlnAhm$zSmQztnGz3oEzoo%fGoo^Ez8qEz5rZzTrjAEsUActtBMteC4u$CouTDoutEou2FguEF8uaGXtIGKt6HxtxHjtNH6t%NHrv1HOv2G2w4FiwJDiwdCiw$ATvOzrvWyBu3yKtBxrs8x8r8xpp8xXnAxKm0yxlPyIkDzSjJApjQBXiaDXiJEXiNFujRG0kvH_kaIXlsIgnLIBoLI8q" /><g i="2" p="#^TEjsTEmtuE6u5ESutDmvRCRv1C3wdBiwnAiwqziwCy9wOx0wWwBv%2xutzxPtny6ubzou$zou0BouHBXtnCttnCBsnCeseCZr5CHrOBrrvBar$AUqvACqMzgqfz0qJyJpbyppNx0pnxCo6x4oRwxnRwPmRw0l2y_jfzXisBXi5CXiRC5jBDejgErj%4EulODklsDdl7D6lMC1lqCXk6CUkOBQkABQkDAQk_zellzEllzmmlz9nXzDnyA5oGBBosCXo1DipDDEp1E3qsEuqFE2rTEBrTEjs" /><g i="3" p="#^$G$v%$GZt%YGZtLGounGPu$FdvtFzvYEUvgE5wADiwMCiwlAiwazTu$xrt$xPq%$xej%lAej%lAHplAxqoAarrAOrzAhsHAMsUA7t5BttnBKtIB3uaCeuECou8DouYEouXF0tWGErWG8p%WGej%hJej%hJ$v" /><g i="4" p="%^iy$viyedEAedEA$v" /><g i="5" p="#^ZEXvDE3w3EawvDiwWCiw7CiwqB6wJAWvbAuvGz2vmzku2zCt2zys%2z8l%aw8l%awej%2zej%2zhg%oBxf%oBej%MEej%ME8l%oB8l%oB3soBusuBVsBBjtRBFt5C_ttCbuRCoupDoufEouZEXt%ZEXv" /><g i="6" p="%^BFHoBF$v5D$v5DHogwxebzxeoEmmtJxepMxe" /><g i="7" p="#^DHBpDHHolHQn4HZmAGjm4GElkFelAEQkEDQkICQkYBeldBElIAjmbAZmVzQnEzHoEzBpEzrqTzjr7AasCASs5BytRBZtBCouEDouGEouqFZtaGytFGSs9HasoHkrDHtqDHBp^7KCp7K0rEJesaJrtjIlusHevgGMv4FiwEDiwaCiw_AMvOzdvWyiu3yntBx9s8xXq8xzp8x9oBxYm3yKlVyRkMzYjZAsjaCXiEDXi7FXikGsjxHYjmIRkcJKlFJZm7Kbo7KCp" /><g i="8" p="#^7FclRE4ltE1l5E_kQD_kTC_kcCslyBVl7BFmJAonxAjolAeplA9q%lA$v%$x$v%$xej%bAej%bAcl%fAclrANkNAnk7BYjyBEjZBkjuC8j0DXiBDXiYDXikE_iJE0j7F6j%7Fcl" /><g i="9" p="" /><g i="10" p="#^kH6rkHZr2HUsNGOt2GzukFjv4EPvRCiwYAiw3Aiw9z3wfyRvnxzv%DxetryBtqzRtqA5ugB5uTB5utCWt4DKtzDot2E2tmEwsGE_rGEirGEPqxEoqoEZp0EzpFD9p0DMooCmooBVntAwnHz3nWyBmmy0mOxrluxIkaxYjaxYiaxUhzx0hZx7gIyvfrzTesAzetBeeJCeeMDeeKEpeIFAevGSe%9G9hcFLguEBgMDrgYCrgtBrgEA1hPzChPzIiPzBjtAfk8BUkDCzlFD3mxEzmqF3n1GInFGlo_GapkH_pkH6r" /><g i="11" p="#^pGMvLF3wZEawcEiwsDiw2CiwSANvGzgvOynuWxttqxfsXw0rXwCpXweonx0nPxNlFyUkvz_jJAtjYBXivDXi8EXiUE4jEFcjiGrj%5GolLEQkADQkDCQkSBdl5BClyAgm0AVmJzNnrzEorzBprzlqFzcrTz2snAMsTAttGBXttCouFDousEou1FbuDF_tdGHt%pGMv" /><g i="12" p="%^3y$v3ybtTAbtTA$v^3y1m3yejTAejTA1m" /><g i="13" p="#^yGNjyGXibGmiQFNhfFqhGE3hZDVggDKgBCKg%zAKg%zAPm%YCPmGEPmCF_lyG8lyGNj^cJKjcJblHIcmaIdnjHRnsGtokFLodE0p$C0p%zA0p%zA$v%3y$v%3yxe%GCxe7ExekFQeyG7foHLffIngJInhcJmicJKj" /><g i="14" p="#^AFVpdFVpNEUplESpZDSp4DSphC$pvB8qVArqjAKqZzcrEzGrEzisEzKsRz7t2AvtmAOtHA5u6BfuyBou0Cou4DouMD3usEJtREdtfFJspF9sAFBrAF8r^QF$v%QFlu%MFluwFHu9F2vOEoviEGvODXvaD6wyCiwOBiwWAiw5A6wgzWvBytvXx0vxxfu8xut8xls8x5rKxhqlytpez_o8AuobBiofC6o7D6o8E6oGE7ocF8oAF9oyFBntF$moFpm4FWlMErl8E8lwDQkqCQk8BQkaAgldzIlJy8m%By8kWyYjkzLjLzxjgAljOA9jrB2j5CXiUCXilEXijFkjhGIjRGpkqH6lGH5mWH3nWHeo%WHetWHHtWHquWH8v1I$v" /><g i="15" p="%^iy$viyejEAejEA$v^8yng8yKdOAKdOAng" /><g i="16" p="#^WG$v%WGopWGPnGGVmqG_lZFxlBF9l5F$kBEQkcEQkaDQkrCelJBEleBmmMA3nyA1olA_olA6q%lA$v%$x$v%$xej%gAej%gAgl%jAglOAhkVBCj0DXisEXiYGXi6ImkhJMlhJoo%hJ$v" /><g i="17" p="#^WGKpWGNoHGVntG0n$FlmyFFlREfl8EQkdDQkkCQkFBgl$AIlyAom5A3nSzVnEzKoEzzpEzwqUzlr8AasCANs4BntKBKtoC5ucD5u$D5uGEMtlFqtRFRslGgsDGtrWGFqWGKp^hJwvhJixKIsycIDzhHjAnG$AaFgBZDyBGCyBlByBgAiBbz2B7yGA%nyvy$yMyxzZy3AbzBAlz7BvzHBzzfCEzWCEzODEzxEmzgF5zOFyykG$xDGaxWGlwWGdv%WG0u%TG0udGUu6Fsv0E$vDC$v7B$v4Aqv2zRunyXtJx0tqxVr8xNq8xHp8xCosxqnMxemsyel8zekeABjkBXiTCXivDXi5E2jIE8jfFojOFEjfG3kIGuk2H8l%5H8l%5Hej%hJej%hJwv" /><g i="18" p="%^ED$vRA$vgwejRyejiCDtlCDtTFejdIej" /><g i="19" p="%^qM$vIJ$vpGhllGhl7D$voA$viwejTyejOBOtRBOt5FejTHej4LOt7LOteOejxQej" /><g i="20" p="#^uLdnuL9mbLZkVKMjdKMiyJMhrI6hlHrgJFrgfErgaD0h5CAhnByiGAwjjAKkZzXlZzdnZztohAIpBAXqhBWrZBUs3DvtaE5uJF5ukH5uqIttxJRscKSrTKSqaLEpuLpouLdn^7Ogn7OmqTMtsDLzuqJyv%uNdz%nKdz%7HbwNGfwqGgw4GiwIFiwUDiwmCIvQA5vHzYtzyOsXx6rjxppjxenjxjlTxGjry0ixzPgDACfaCWeJDeeJFeeFHeedJVeNKzfSLLgYMXhxNCj7Ogl7Ogn" /><g i="21" p="%^3x$v3xXtqE8lqx8lqxej9Hej9HhlOz5uqH5uqH$v" /></glyphs></font><font id="30" name="Arial"><glyphs><g i="0" p="#^2xgr%ezZqDzRsxAGtrBuuLCuuiEuumFqtqGlsqGLqqGeprFgosEhnWChniChnnBwn%DBBlRBClZBClnDClvEUkDF9kDFDiDFqhOEDg_DQfHCQfpBQfyAEgHzrhsz2j%gxFiGxsg5zffwA1eEC1e6E1elFFeAGhfdHngTHshTHGiTHQjfHNkEGKlqFim$GGmTHQnMIZoMIIqMI2t2HHulFjwKCjwnAjwPyVugxvt2xgr" /><g i="1" p="%^2y$v2y5e6K5e6KcgpAcgpALlPILlPISnpASnpA$v" /><g i="2" p="" /><g i="3" p="%^jF$v6D$v6D_h#jCLi0Bwj#KzgkJyEkJyvi#zAFhXBqg#jDbfUD1ejF1e" /><g i="4" p="#^Gz$v%Dx$v%Dx5e%Qz5e%QzukdBKinDKiAEKiEFdjIGIjoHAk5IsluIHmTIVnTIjpTIEsdHtuAFhwgDhwZAhwGznu^EzppEzLrhANsjBuu4DuuxEuuAFetDGZrDGvpDGYmCFLlCEykbDykKBykHAOlEz2nEzpp" /><g i="5" p="#^HKJp%3NjqjMetnKMurIiwEFiwLCiwXA7v7zXtayIrextpexVmex6kiy1inzYflBTejDOdHFOdnIOdcKaf1MxgLM$i%qKyjOJBhCIIgrHPfEFPfADPfbCPgOAOheAtjGz7lGzUmGzbplAUq0BBspCrtPDgusFgurHguPI7tcKZrHKJp" /><g i="6" p="%^Bx$vBx5eNz5eNz$v" /><g i="7" p="#^5GouTErvLDSvDChwkBhwbzhw1yfvUwcuUwAsUwDrkxRqMx2qtyApaz5p2ARoHAHo$BwoFEcoWFMnWFjnWFbnWFRljFiltEykOCykfBykwA5lNzDlqz0n%hxKmzxlleyvkVyFjaAcjsBKi7DKiNEKiPF7jSGwjlH6kQHIk1ICl8Iam8IDn%8Izq8IDthIruqIfvQI$v%yG$vcGjv5Gou^WFupJEZpkCjqZAwqpAMqRz$qxztrezXrezwsezotUz_tzAzuSBzu7Dzu6E$t5FrtzFusWFLrWFiq" /><g i="8" p="#^Mw7s%XyNr7z5tYzOtOAuuiCuuPDuuxETtgFftgFqsgFGrDEfraEYqnCvqYzUp0zsp5y$oCxdo7xqn7xtm7xClwxTkWx7kCyEj7zgj$z$iUAKiVBKiqDKiAEajKFCjhGmkQG6l2Hnm%UEGmLEGl2E6llDyk3CykyAykUz2lfzylfzdmfzEmwz_mNzlnmAznHAHniC7oEELozF8puGxp$GiqxH3rxHbsxHhtUGfufGdv1FLvQDhwiChwNzhwsyev7xbuMw7s" /><g i="9" p="%^FxDgFx5eRz5eRzDg^Fx$vFx1jRz1jRz$v" /><g i="10" p="#^ay$v%ayKk%dwKk%dw1j%ay1j%ayFhaylgoyIfJySewzkejAOdLBOdHCOdPD0e%tDWfOCPfbCPfbBPfMAeglAFglAQh%lA1j%TC1j%TCKk%lAKk%lA$v" /><g i="11" p="#^yx_A%ixVy0y7zzy7zhz7zJzTyaADysAbyFASx7BywbBnwjB0w%ow1j%My1j%tBxq_BZrpCxtNC1siDAq%4G1j%gI1j%lDdwyCly6C9zwBeAMAKA0AfBYyfBkyfByx_A" /><g i="12" p="#^Ex$v%Ex1j%Dz1j%DzTk2BKiLDKiWEKiUF9jTGAjmHgkSHXk2IUlaIvmaI0o%aI$v%_F$v%_F6o_FMmJF6mtFrlPE2l9EEkhDEkTBEkSAxlRzpmRzVo%Rz$v" /><g i="13" p="#^ex3x%nzoxwzny7AQyXArzmCrzTDrzIEQyxFdyQF6x$Frw_FiuyE$vpC$vKz$vgy4uOw8sOwrpOwAnsx0m7yrkpzBjHAKipCKiIEKicGBk%cG1j%dI1j%dIdudIgxBHwy_GNzEFwAjEfBmCfB2AfBCycAbxazex3x^3zhp3zQr3A$s4BauCCau7Eau8F0taGRraGmpaGZm6FMl3EykACyk6Byk4ALl3zXm3zhp" /><g i="14" p="#^8G$v%8G5uDEhw0ChwTAhwTzRvUypvpyLuWx4uJx6tBxtsBx3r%Bx1j%Nz1j%NzdqNzXrWzxs7AptOAVttBoutCousDoujEUtbFntyFwsVFErVFZp%VF1j%6I1j%6I$v" /><g i="15" p="#^rC1u%LCZvQB9w5B9wVz9wezNvAypvjyOu2yau2ycs%2yKk%rwKk%rw1j%2y1j%2yPf%eAve%eA1j%rC1j%rCKk%eAKk%eAjseAgtlAxtsAOtJAYt_A6utB6uRB6urC1u" /><g i="16" p="#^5Gfr%gIxrVHMtrG1v_EhwSChwcAhwAyyuZwPsZwzpZwsnFxUlmyjkNzxjcBKiTCKi_EKikGPjGHTk2IRm%WFanCFSlQEcl3EykZCykiBykgAKlezWmezvpez6seAiteBuuRCuu8Euu$EHtTFUs5Gfr" /><g i="17" p="#^wGPr%NI5sfI5uOGbvlFhw4DhweAhwzyxuVwNsVwDpVwlmByykhAKiZCKizFKicHwkSIhmSIupSIHpRI4q%az4qizcsnAlttBuu5DuujEuu9FRt0GctwGPr^izgo%yGgooGDmIFPlFEyk_CyktBykrAzlpzzmizgo" /><g i="18" p="#^2G$v%2GmuPEhwqChwTAhwAzrvhyAuzx2tRwwrRwwpRwAnux$l7yqkqzAjKAKikCKivDKipEejkFJjVFwk%VF5e%5I5e%5I$v^6zwp6z0s9AftcBuuECuu4Euu4Fjt5G7s5GIp5G2n3FOl1EykxCyk4Byk5ALl6zYm6zwp" /><g i="19" p="#^QwwpQwVlQyakvAKiVCKiAFKigHukZIemZIkpZIQrdIgttHIu1GvvBEhwVChwaAhwvyyuQwOsQwwp^4zwp4z$r9AftfBuuVCuuxEuuCFetIG_rIGrpIG1nCFOlxEykVCykfByk9ANl4z0n4zwp" /><g i="20" p="#^Cx$v%Cx1j%Bz1j%Bz$klACj_AajDBKipCKiwDKiFErj%VDul5D$kiC$kAB$k$ArlqATlaAEmPzPnPzcp%Pz$v" /><g i="21" p="#^Wx$v%Wx5e%4E5eaG5egHmePIIeUJEfjLQg0MHiJMykJMYmJM_oeMzqML8s0LathKcuoJOuvInvfHHv$F$vnE$v^iATt%6ETtTFTtTGytUHdtvIDskJNrOJmqhKXohKVmhK6kmJCirI5h6HAg9Gcg2Ecg%iAcg" /><g i="22" p="#^Ex$v%Ex5e%Rz5e%RzwknBKiJDKi9FKidGjjhHTjKHTkcITlcINn%cI$v%$F$v%$FNn$F7mhFnlAEDkgDDkiCDkqB7lzADlcAvmRznnRzVo%Rz$v" /><g i="23" p="#^Ex$v%Ex1j%Cz1j%CzRkdAUjeBjjfCKixDKi_EKiUFljPGXjcH$kKIKicLKi7NKi9OPjcPTkcP5n%cP$v%0N$v%0NQn0NvmOMWlBMll1M$ktLEkJKEklJEkrIylyHsmyHso%yH$v%lF$v%lFznlF6mOEnlgEEk2DEk7CEkkB7lyAClbAzmRzvnRzgp%Rz$v" /><g i="24" p="#^aw$v%VAfp%xw1j%hz1j%fB3mQBXmaCwnICJm9D5m%lF1j%ZH1j%uD7p%jI$v%CF$v%YCZr%fCTq%Ry$v" /><g i="25" p="%^gy$vgyutMAutMA$v" /><g i="26" p="%^ky$vky5eHA5eHA$v" /><g i="27" p="%^1A$v3w1jly1jpAwqaBit#dB5tRBDqVD1j9G1j6IyqLI1tvJxqJL1jRN1jOJ$vvH$vsFeoYE0mkC$v" /><g i="28" p="#^DxEg%Dx5e%Qz5e%QzEg^Ru0B%gv9zWvkziwkzZwkzixTyDxryDxFw%Dx1j%Qz1j%QzIwQz5zcz1ApyfBzwfBGvfBRu0B" /></glyphs></font></bwFonts>